Unnamed: 0,gyro_x,gyro_y,gyro_z,acce_x,acce_y,acce_z
0,-2.352073122063539,0.23473912633518768,3.2456719608104687,-0.6542672817021613,-0.40500822523999835,-0.09396672948869633
1,-1.8976995536619325,-0.6415788573239884,2.2909279137453358,1.3459002417413064,2.224839038152662,1.8739475854886622
2,-2.859903440602583,2.0397167688632996,2.1493646644761,-0.24240563334377302,-0.9456329856318719,0.10777876420857557
3,-5.058454099681019,0.5033786154276693,0.8138228965247186,0.020190851598761772,0.02940419628450744,2.37217477668995
4,-1.9968986225506953,0.7585225076660634,0.798796922336149,1.2162814755936304,1.9511468640656884,2.0063619272322577
5,-2.411455266502251,0.15834275993172753,2.73066137730829,-0.8132044737113173,-0.09961608359882393,0.23858719733779665
6,-1.3044520573012317,1.4944694245670505,-0.5609903400484905,0.5075749398993932,-0.7112596143790011,0.34515645035060083
7,-1.7542271016578757,0.07382511869792933,0.9492056286917802,-0.6438699333959128,0.8451108393282578,0.2699560819840704
8,-1.899067655363512,-1.5072532626316346,1.9164587136486821,1.3440517870414808,2.543763918871558,1.016059822539456
9,-4.235607312184442,-1.4092891301113055,0.7030776027718705,0.9181979027126126,-1.3953995763854077,1.0013032605409353
10,-0.30132727743407806,-3.7886094172970166,0.6983211443172332,-0.9236840570353138,-0.4993470549708222,1.6432366354992074
11,0.9358142077448185,-0.5664558546767033,1.3126132873224508,0.026628527265158797,-0.7080707076974393,2.472462477818956
12,-0.9746108410822164,-2.027836463596212,0.9679345001884492,1.046408864021882,-1.6077893014864633,1.819330208422189
13,-1.2992687473685416,0.5411302178753928,1.2565216943835296,1.2983392986083055,-0.9459636480177889,2.2002966217832665
14,-2.847794642672021,0.7280004052579389,1.3103828754415012,1.151968503735046,-0.7776125470098534,1.1246973292426012
15,-2.9901316078608273,-0.13351237773426794,0.4288813951653587,-1.1219933837595664,-1.403579688618023,1.2396143852938437
16,-1.0726676573109204,0.9856919789761447,1.211688991380561,-0.13772238294596567,-0.5370805365885056,0.7200069999125667
17,-1.7071368663004853,-0.33368043024558136,1.5329497422559368,0.6712973685504307,-1.4224168432968582,0.8794908616987922
18,-3.5872255815899265,-2.073040037335229,-0.510880868407463,-0.2305577730993767,-0.9142695519416968,1.670214054448231
19,-0.08303492059424666,-2.080089225573533,1.6969845589395232,-1.5924380668148201,-1.125063139584434,3.028629871255599
20,-1.5371464177205074,-1.1551272499629497,3.2620359376035006,-1.415792300874101,0.04924724896047625,1.7203485433719785
21,-2.572535075487406,-4.366376269332868,0.5273015116796307,0.30687280494900204,0.42049424773289995,-0.9830903622758966
22,-1.3600550359941108,-5.408484870110967,2.101939871722459,-1.5041689027826017,1.2728909833805122,0.8826014592785263
23,-1.1568954532362732,-4.411356641653588,0.2869114431008841,-0.25140117432158865,-1.1560778057697354,2.9518041000284594
24,-1.3876304813361187,-4.328174320163525,3.526313820447944,-2.534543710978919,0.5209577080047127,1.556474113384842
25,-1.250677080485358,-3.051579499905208,0.7912885430279414,-0.18677976923762923,0.3728683833949015,1.221900292033125
26,-0.7173571774282895,-3.7899450949524365,0.21231448240050232,2.089992111265795,0.3292559157594877,0.8315052238708245
27,-2.480866740175615,-3.28595070721328,1.5137509199526684,-0.060964343479083416,-1.2133288325648628,2.09039696227397
28,-1.336872872908705,-1.8365209830618063,1.8016092417474976,-1.6536308635136596,-0.43153119355700653,2.4638002706703612
29,-1.925123764065305,-0.4380538739977571,1.5406976874725848,0.6593010810899025,1.9362001769567145,0.9268911330594626
30,-2.308101867105435,-0.5601552416243667,-1.1785078108481057,-0.11716095056117393,-1.1084278103465224,2.8759634041129947
31,0.3175757895717528,-2.763239659291679,-0.5877691364081148,0.4473813421058671,-0.14086379347387928,-1.1187610287076937
32,2.5282781244104826,-2.5839120787522143,0.897299537376447,0.7159135635563767,0.4761019103772215,-0.06287872537730865
33,3.6980341094299978,-3.7942681003787633,2.9951623842883803,0.8078377123804584,-0.1592960362621998,-0.8776600378199881
34,5.983544137490401,-6.929780128376587,1.0082761018992812,0.8546149411400814,-0.8880103061830101,1.9930683116497798
35,6.4793169641422175,-3.001164270263808,0.3179248211147927,0.5910164053872164,0.12458876983504291,0.43449757859813787
36,7.2488940956769685,-3.9528231892632073,1.5225923629828977,-1.3410521705125849,-1.5550607041266225,3.3776627119108102
37,9.75252829709456,-3.380557474401667,0.9613132429262634,1.6010119862435768,0.6785419654407756,0.9047489598893979
38,9.722134008570677,-6.384660417563622,2.2221089083469376,1.5540721934122401,-2.1863063459124463,1.1301051268499351
39,9.082251548816277,-5.601386579124989,0.572012745330278,-0.4174100811808147,-0.5469103265058978,1.9035863550784962
40,10.602867365779964,-8.309413726686211,-0.7446838257881072,0.1858171216346443,-1.2553633816906196,0.8785478525256147
41,12.339632076712753,-5.152678969441367,-0.2570682284222351,0.6471318644288311,0.661004549465969,-1.0062135018806808
42,16.749845820442104,-5.397181921535491,-1.342369296386969,1.4304319072280962,-0.5997146485018074,-0.17524514312888573
43,18.04383816802095,-5.216186822283164,-2.590263814668217,-1.4092214548747952,0.1066455508293021,1.6238477862118676
44,20.711473186288195,-5.5659469831495425,-3.5058141316798004,1.8591467752352973,-1.1100176866133578,1.484683169791779
45,26.72893684119247,-2.1669810453859575,-3.7509125166959647,-0.1575333601418507,-0.672240221892568,1.0508508548820377
46,29.26078363124106,-1.9220331149366217,-5.1832510192468755,-0.014061314586994111,-0.37922007101721256,1.3009553937304124
47,32.19044276666006,-2.592312003496718,-2.2241657333026663,-1.0090754955280625,0.7029006734781813,0.7541357986081431
48,39.42747910608994,1.1645241410721026,-2.19322683766597,0.6249105442811351,0.16426305061145063,2.017710192071361
49,42.28509987998211,6.256219823954998,-3.410625711828599,1.4171039146205122,-0.8742514754076071,1.5710984819989553
50,44.35214854960203,11.718838143864138,-4.45389423461834,-0.17149582248884832,0.7254998319590967,2.9222294804163416
51,47.932981000197735,13.696131850649069,-1.9174078749415757,0.498141675305419,-1.6686255151651552,1.2906611477107974
52,49.98605332396073,13.075530739834733,-3.1274971647142493,0.22219276466991386,-0.62872943932926,1.4359962585516248
53,47.340711106587996,17.505006766455914,-3.908356362070842,0.30076419342288896,-0.3060859386609759,-0.4333851397256323
54,49.67267925224845,12.02381692021363,-6.34892648725269,-0.2404438409918241,0.5847928579987689,0.4931283103743239
55,52.180377653913304,7.979472354685434,-3.974412253767375,0.9357322978230682,1.842742878817237,0.16585744191319463
56,50.32454011527355,-2.6880998792242523,-5.31777855717477,1.2338784602425765,0.05371804994844026,0.1989455968797137
57,49.69518236833564,3.1184292894232604,-6.60257556767407,-1.0398218419940246,-0.8255516439013119,2.2530487938274675
58,51.76029394464724,12.499457339127465,-7.126634523600283,-0.6390849242881069,0.6271529805377201,0.9426647751277346
59,52.907720913615286,9.097938726947483,-5.6040511982509,-0.34683386053008497,0.036929431242676364,1.1936316087551475
60,53.1503722134264,4.567972866340766,-6.597589441232062,1.4352207264611576,0.26560977699312543,-0.13256050344350512
61,50.050225292842164,4.964486497151664,-6.779931288411995,0.1226318078887863,-0.3974674418392551,1.4224085159401496
62,48.57658323440204,7.41239123594989,-4.8846602930323275,0.9079553989205591,1.2747288706165394,1.2678553281707146
63,46.435442383969935,5.35146729690456,-3.714614333463122,0.533484215116512,-0.2645024520371116,1.7741784224602326
64,46.251275095204214,3.5224101854707843,-2.5511197873924165,0.27662390530074427,1.2013904772627109,1.9995268559497568
65,45.385912741444834,5.485185148338389,-5.175945611723417,-0.7885997550576838,-1.6346107750109582,1.3747873775037138
66,44.06180825605371,6.749056982922771,-2.39198465505708,-1.0049945875350625,-1.472983780252338,1.481046715559919
67,44.22962652213743,7.10112640000721,-4.061255587840805,-1.0724472943492183,0.57344627874922,0.9193748024821022
68,44.82555033615615,7.16153971420765,-5.0283364727596895,0.33796715155450313,-0.9294110399841926,3.3382041954690065
69,44.90428331327189,7.8319595745868025,-6.035280332718012,-0.7825502221654905,0.7138294337351205,2.2082643160450153
70,45.51025114000244,5.337230588071346,-4.28587913341378,1.3795927799844736,-0.9422418688716429,2.1042621482578845
71,46.82278833010464,3.3128483896602257,-4.3569567079689655,-0.10450076167120897,0.5326454054424119,1.5848473160831476
72,46.720239649140765,0.3950108704904568,-5.125623082167507,1.1410670323368908,-1.3636852615231752,0.746235296156489
73,44.96985667021428,0.0017875222219873033,-4.798534419265815,1.3788105266179875,0.942640848496137,1.0128261258025797
74,45.2887994101302,0.6845927020654949,-4.984011716998499,-1.338168764359487,-1.5808912184036001,0.5516380337839972
75,42.71142198095928,-0.6569395752986935,-3.7639971523203988,1.276584018024024,0.7224306392449346,0.2545703118323095
76,44.751849960455814,1.4840616635399673,-2.5779477849839676,0.5322578586774922,1.145623930796902,2.518979746310605
77,43.32669839759497,3.6947329533973257,-3.8707981880858884,1.0394232221302542,-0.8024006979504726,1.6432654111802476
78,43.66123601525502,6.90334232886556,-1.454228927864044,0.8057793815356282,0.10597922838172905,1.6084221751369472
79,42.14128550198553,8.336928168753918,-2.7028733824988027,2.2864987824230183,-0.6821366643924915,1.926372532813673
80,42.646739670164884,8.186772763464013,-4.350478450467155,-0.2215682210315783,0.30473921209134663,1.8167211663917622
81,42.201942741241936,7.246840136990528,-4.442291720250313,1.0574639083497908,-0.060249177956845756,2.411144194951939
82,42.05416234872498,2.8004123210126863,-4.762772383917026,-0.5384038150631236,0.5556675394174757,2.1556643804015314
83,38.587935168432644,0.060639859461693035,-4.267650635798502,1.0170023114573785,0.1838616441179471,0.8668416369893834
84,40.4199185330458,1.2611595713540038,-4.030155678296189,0.8052781330059615,0.4560823167387462,1.211798649492884
85,38.811112431666686,0.6908819913357529,-4.857369264418345,0.8283235532132094,0.29425866237659226,0.8095135614291564
86,39.00580137505405,0.7854867519555515,-7.371653635457184,-0.08899478179731118,-1.3940931407418407,2.5386938664203997
87,39.85928182788428,1.1318873393986588,-6.38243472643968,1.7851742236101047,-0.5170217305690925,1.2881324784925465
88,44.376833008955174,5.030354998979697,-8.50347945347924,1.139828498848698,-0.07407654400060415,2.247626053981249
89,39.66841975386961,6.877934516472999,-7.920316988313978,-0.2470214723033078,0.8219606055411397,1.3402528035105257
90,43.96992968022562,7.954606152714964,-8.572406068228572,-0.7312076478896825,-0.6469728298452073,0.147685857216573
91,45.39625761641667,6.679850701518763,-7.469333857684111,0.1847019358795557,-1.8729451937271557,0.5133275892899553
92,46.88153787938219,5.752758068775595,-8.516934325311334,-0.02505506849261019,0.2970565395234005,0.21272625133388312
93,44.3885437619374,6.884571476593492,-8.236651501949387,-0.9415097888658284,-0.6559312874458696,1.3847390325046056
94,44.94027116866842,4.432172894118934,-6.438143244787798,-0.9417102152368606,-1.569490748345506,0.22812033880002192
95,42.99043212879054,3.2514420777358053,-8.503572921009749,1.0249471355493156,-0.23455968924024756,2.164140846815146
96,43.45448430474367,3.1380301371184482,-6.633474424672065,0.12048230127581694,1.1344892270885336,3.2667337780903387
97,42.206781222347104,4.0721553616787585,-7.615273534614183,-0.7348989793083398,1.4309299574201892,1.1000387514427914
98,42.848543980913746,3.4201403748153543,-6.917626223133347,3.0761932575966746,0.17010747400655452,0.9703900083846104
99,40.8861384503328,2.286239606503342,-7.977777211249641,1.3029462632957574,0.8015123076762513,-0.2585433444695717
100,39.29060374511048,-0.2880999720800133,-9.09612442530563,1.2814340287955843,-1.7574105428340354,0.5939304422833129
101,40.151610919151494,2.2654300116927137,-7.020473692515775,-0.9584036838645444,-0.15921774772511796,1.206790877972711
102,39.3152250509693,2.5470448173447546,-7.735952424588911,-0.15403846816853012,-0.823229765718492,2.0143657520539335
103,43.55937790753562,-2.799130205974765,-9.003095530591406,-0.7678554673015059,0.5517054780135106,-0.32594487224633983
104,39.89760124809327,-2.377771507920417,-10.52451627931101,1.130499721765631,0.08402663396580923,0.044086551965665355
105,42.95057477472158,-2.4360432542611496,-9.32401261112985,-1.7990337348639103,0.5329003830308968,0.990884388785382
106,40.45924143823534,-2.3978705603051234,-8.946690167604201,1.378103001301415,1.802142636086395,1.8237468265791208
107,39.09840454367042,-2.8565663298744775,-7.625065593587005,-0.019908146943342364,-0.9376924929532854,1.156786100378771
108,36.36280679574084,0.9499601413778281,-8.614117780045264,-1.9383375366838496,-0.8018830026067503,-1.3614776677889033
109,36.75505048460737,-3.146314364267596,-8.806007161738874,-0.6520566827928219,-0.03900086241484968,0.08873455569128952
110,37.05104876302417,-4.507354910740702,-8.258952779918129,-0.33238632839521864,1.3622777459428095,1.5090399431787749
111,35.24642379378033,-3.9977001009626423,-4.474673883018062,-0.3664185094228386,0.49493215976043176,0.849978755533553
112,36.60247715664613,-4.120323797005943,-4.431144558782553,0.27822952412752266,-1.2540407257578,1.913709612019709
113,30.82479168833692,-1.9646127271966582,-4.956086853857894,0.4215351861769787,0.6458513200621652,2.771827054116014
114,31.95979834599058,-2.5737241512786544,-6.66455743820563,1.3460265455930467,1.2746306125754416,-0.32561013006781503
115,28.345520798531314,-0.5639014010085546,-6.784543382836402,0.8495552565996982,-1.209378571126866,-0.31854686958790523
116,29.27724375949902,-1.2394171234408433,-7.6034058075135835,-0.255451127770173,-0.01635309878362934,-0.5943164338241187
117,28.565120126035254,3.2387617703869997,-5.622147268375996,-0.10441479624705552,-0.49579571685935353,0.5525440781346048
118,29.678924994456693,-0.7930791225804836,-4.6059039152067704,-0.9046276754775804,-0.47217859430979314,1.0881005955132577
119,28.191248306137854,0.8199029205473548,-4.9377275540463845,0.29132120949290946,-2.1690275567398793,1.0408335002141886
120,27.336844386501966,-0.6492453020201442,-4.588616604289613,-1.8663265458705687,0.7295584623101685,0.5674788647988662
121,24.105303471301653,-0.19794802072409978,-3.6068722966197777,0.083063808167019,0.6111627290145092,-0.004220382949434942
122,24.90052607765354,-0.5585920425699753,-1.6712404371967406,1.8350041335100875,-0.34542268448608776,1.975324420887451
123,25.179593617387674,-3.3547478745041657,-4.296337638113568,-0.8004024059279395,1.2341212147782294,-0.3640689635022101
124,26.355941737550417,-5.041782492581801,-2.945336659835977,0.35731709892672225,0.5991449707479728,-1.266646330467836
125,23.309655109437,-3.070144550557238,-3.231868809015068,-0.44542045784662543,-0.33689602662918744,0.8214480899350519
126,23.605349510250466,-7.1395474042372005,-3.2322114711074055,0.45580476122372693,1.1559054114511411,-0.4131436910896302
127,28.299501903539973,-5.934117709462823,-8.743502578609828,0.25975373730939166,-0.13898183129070896,-0.42156375819974645
128,22.491377375302367,-8.333563289051538,-5.231867832303687,-2.444558050959852,-0.9253522394110103,0.04195731201192143
129,23.421199100523168,-9.604646545199632,-2.5629221220202187,0.8340287768496517,-0.7526837590526598,1.52987367420761
130,21.85354359036732,-9.008618609493437,-3.398509821150644,0.9999416278228194,-0.0366612145711869,0.6908565136461617
131,19.69248293067092,-7.471992151751816,-4.100844909096599,-1.3192445325984832,-0.07367064848071792,2.0304605563895315
132,19.970787225421088,-7.304950693614167,-4.231827491077095,0.30605202871805925,-1.6380904150606288,0.8093834578954354
133,20.777886491400494,-6.615981633401976,-4.061763043250042,-0.9107847957487747,1.507695761747465,0.6389591143994313
134,20.630817335016026,-4.335910353990838,-2.3435877783234806,0.6208579491007402,0.28789345480013956,0.3150254432626407
135,19.903437208133212,-3.4534018048496837,-2.732846548928115,-0.7085906702324337,0.22105677131362295,0.5904429873131327
136,20.627443318760413,-3.1185806548879693,-2.4284376008958937,-0.4285859873836553,-0.040531490492429795,2.1985779056458803
137,19.880632466830697,-0.6361636983575953,-2.139432007072368,-0.37041684947645176,-0.901946026888151,1.2572165719557746
138,22.470522027571985,0.7829322092079368,-0.5432801355016826,0.6599713640242619,-0.9725621353589009,1.3354876788724928
139,21.57195645184987,-0.9895677701727434,-0.004223168104686786,1.4839780409242747,-1.9528786166864176,1.189312820316994
140,22.72901862879526,-0.06833695757709868,-0.061027657331226726,2.2125240310453727,-0.843667480849871,0.799451082280259
141,20.653696801347962,-0.24274176723569507,-3.7263829318447854,0.03775720406903932,-0.7512938024812866,-1.1586149170122113
142,22.09320150242205,0.7257192924929262,-2.639195406378801,-0.051789175160607714,-0.842375844893209,1.8641859370047702
143,23.995094903768287,-1.0661062726759594,-2.911718661272716,1.8614014373468861,-0.17774627664384707,1.2854780854489376
144,22.519350970928972,-2.5773223301993102,-3.7558033603563765,0.1321001857577625,-1.469214783935474,0.9535672313350545
145,21.897554855070346,-2.310693047778706,-3.1882632262549864,-0.20055989725786533,1.5054786825383637,0.9937827222645156
146,20.17272727054961,-1.3975758228661,-4.572642732149691,1.3450009822638536,-1.5476501988382294,0.24173423045512143
147,20.833832450032666,1.1604446665605406,-2.819579716183548,-0.1525994611542874,-0.5856868398752687,-0.859794472663014
148,19.668905904306644,0.9572427557801672,-4.214617534286108,-0.31690166430661787,0.48197659197011977,1.3929606618951416
149,19.149008240618674,0.4662924398795876,-1.8733616867551057,0.5020351138517333,0.3767474087798651,-0.12017698380693964
150,19.710322642595244,0.12142471817594952,-6.049451504599667,1.0378033889733205,1.0080859705522793,0.14106392183629202
151,19.858232319485897,-0.7689025927074075,-3.7491278657072327,0.408869069638224,0.20483169651212285,1.9886361638225267
152,18.21983973107315,-0.8483171381244304,-3.8963889615263616,1.7414008303147916,0.2811903372585795,2.5081660170336204
153,17.021013081081936,-0.3890922228642353,-5.503485396444866,-0.12709107153879173,-1.2587727244041476,1.6116746579274506
154,15.45488664532108,-1.305686916709259,-4.950875975069772,0.5677192493918296,-0.23456538742991978,1.031911304938035
155,18.078651662310495,-3.3701742242564996,-3.651824544238122,2.040618439953753,1.9877585774975308,1.568987808150121
156,15.915722771796192,-2.551782050580616,-3.72783066357407,1.5025651122920656,-0.05143974995466044,1.322039822635301
157,16.33329664876914,-3.540652337519303,-2.516621233833849,0.03718811343767653,-0.012387034873969416,0.190320924590773
158,13.999497027287926,-3.3814258460635545,-3.431976456870142,0.05047192106003409,-0.16225144406539482,1.4267423164489443
159,13.878674032642428,-3.0169077816323586,-1.8798330907955174,-0.8464678533361871,1.094857197766295,0.47139463156089284
160,13.942055061765922,-0.6262233993328654,-5.853348617614487,-1.422467688755452,0.3325790733590927,1.6048049119669061
161,11.95801221964203,-0.03684097546518594,-2.8958570552723986,-0.31146629416916843,-0.086118675153809,-0.3894735252340542
162,12.610447058046685,-1.3158311767142536,-4.142063727971268,1.273173695161069,0.6232022236288851,0.5195102338224871
163,11.812879014566956,-1.1360403190641595,-2.8499647693463253,1.3485345038353742,-0.5126723765500497,-0.5299854064921627
164,11.64911334112029,-2.0593471056487256,-4.168269891565717,0.2867807028612425,-0.7506621643407747,0.5125142927824022
165,12.105925277007175,-3.171404141635145,-4.304627037906979,0.4026224750184866,1.4161798802887593,2.4507486044042954
166,12.453695484425143,-1.1462945195089618,-3.0900871725788703,-0.5448654906569629,0.7841510540717173,1.4679888432399135
167,11.807739080492551,-1.5120980307185539,-4.666634511214208,0.41196808765176796,1.6230628122227322,1.1378043535924118
168,12.439839699792445,-0.7108673064258544,-3.366425391656108,0.6262757289275128,-0.0900966073811979,1.024315693255223
169,11.925173348050226,0.9765050398250746,-2.548069605916972,0.776993399620659,1.764912085386796,0.6271185682783091
170,11.526319453641129,1.4613361880803026,-2.506940615539397,0.005468671759503052,0.14881162085537641,-0.25758683488689016
171,14.558760966977042,0.9547057358137503,-2.638005937360095,-0.1536196477180905,0.09399945631681883,-0.3026792201412676
172,13.39963111468023,0.23361669688351228,-1.865663543098353,-0.793747337298722,2.5361319560204176,0.9526818847651634
173,11.605597639854592,0.9770133262991385,-3.1589620003251375,0.37763347083806753,-1.3216693262303596,-0.018236387358389616
174,12.395369415118912,-0.38040034500896514,-1.4515911755416366,0.3616313855097465,0.8476279557769619,0.19494818014249782
175,10.625210108373288,-0.6191974161118651,-2.828348950083854,1.3683435449057486,-0.005201683738365159,-0.95991854041399
176,11.505294808637583,-1.0573699112047705,-1.5044711651382872,1.9790004064924787,-0.49104554989314114,1.611008518012865
177,12.856672198410582,0.9132773000567267,-1.8413599758275532,3.303701440754147,-1.1743302524269175,0.13147039132437177
178,12.348264924466982,2.1656538142603288,-3.3149677976637695,1.3715318847513593,0.6632317138023611,0.6386655556846714
179,11.83975434160302,1.9889807387841247,-3.4583748821914946,-0.8492275443194484,0.8835268169420811,1.8300311695314369
180,14.095271786365464,0.5292616955222422,-4.947083975633108,0.4550810981220214,0.78267693761767,-0.5907512534511921
181,14.882109879874546,0.039729609314930414,-3.0190600456040455,-1.394590657261424,1.6140695214944372,0.51591489757488
182,14.353170328360326,1.4476895176615059,-0.38780286721237633,1.9770342362643742,2.2122395216649045,-2.0712496055004355
183,14.097239662023883,1.7562973649168814,-4.26231885780294,0.5014324718252127,-2.057248194667632,0.005530221923256251
184,15.627129966971836,-2.4765705089880865,-4.83005854458966,0.07901428921558487,1.0584136182621267,2.2896850168681366
185,15.473552327211067,-2.896108883793265,-5.083686905763768,0.23038118182302442,1.030501395818448,1.1648754281335925
186,12.794042745393522,-2.498522490119534,-6.086776374432864,0.04051708572270968,-0.07633896646043725,2.078898128848619
187,14.127234859621494,-2.2495393419410576,-4.360979010413661,0.9127519114481233,1.8385636968968477,2.1766349189104353
188,14.363180260062398,-2.546968434819429,-5.209345080703371,0.8862012132798027,0.06592272652364323,0.9966139665813885
189,14.610322568133913,-0.1591925253584845,-4.90847833077744,0.8088130866004614,-0.6297965078741705,1.5046388377851159
190,17.01062952961851,-0.29354915121726194,-2.855890542505346,-1.4682397633117308,-1.3289014589458414,1.3769554141432359
191,18.049085478095616,-0.287195959206916,-4.0509682874181,-0.2240346227992635,-0.6837660344177956,1.8195922833966298
192,17.624197140363407,2.014242805703563,-5.7616457773003695,0.1522472792294965,2.518144109051434,-1.2715956844511431
193,19.96874799114375,4.939421539145798,-4.035116374904055,0.09986113727323395,0.46229257327308915,-0.8167033054156423
194,18.327441527651306,7.127859723844594,-5.923470121156227,-0.5782896495879826,-1.663428120730368,2.1805212384966093
195,18.9468106298175,7.5749994178102575,-3.747208012250387,-1.3210033885680026,0.37677057650544793,-0.6259036044194628
196,22.990616925840204,8.351158991556796,-5.935843881467928,0.4045553385351078,-0.041444076636671934,-0.9211225522411453
197,20.293540215561954,7.918875840037106,-5.992982189394503,-0.2250706162608292,-2.2986481650641983,3.15829248972277
198,21.421611459766094,7.052766282283126,-5.983559868832987,0.6952084295050218,-0.1774561056544361,2.3380775187963394
199,18.69511736531718,6.030956451953296,-4.121517094020698,0.8776023096303989,-1.2187857707612382,1.3544647824113258
200,17.497458097077352,7.94132840141237,-2.8968469909633527,1.5242203868445834,0.6126177186318076,0.8785309143895311
201,16.59887543895551,9.108666466381145,-4.422297133890763,0.01755645815737583,2.0780368231378077,1.3521773331576543
202,16.062696603314535,5.884291333013854,-5.811978248273423,0.3445750076759473,1.9962894162249092,2.0427368166988327
203,16.588580713370014,5.61557065193625,-8.430365249935337,1.2826465745848343,1.0567064183708512,0.01957107642126943
204,18.293353524623658,4.727758300323832,-5.183879632687334,2.9034635170601444,0.5889546984277735,1.3062530626404496
205,17.262107628688888,3.3842381494182905,-6.166084237250554,0.922804732585415,-0.3904686925699698,0.5609846857226157
206,19.414982065352262,2.753351345658267,-7.413153828086241,1.7391489013595316,0.4738876368535798,2.490290210697306
207,19.831065100348216,4.6815257419410505,-5.831561267122327,-1.24050853534196,-0.8897471382343959,2.5501697639853527
208,18.4265720053043,4.263956397772355,-6.433592141297774,0.3238970008578927,0.8298140694104297,1.9094685426757558
209,17.829744593859807,3.5046007925855482,-6.0039288777835145,-1.6394743273471046,1.4191342546647316,0.04935376394226332
210,17.993537676928312,5.204393628506545,-4.137359805105002,-1.2409278688938639,1.055781258030625,2.147138149502255
211,16.387483725927897,5.960244929321422,-7.355779748014484,0.36032515111152885,-1.9396103866264962,1.705163090213826
212,18.59890930232812,5.284125649990688,-6.765284733206176,1.7155086228170555,-1.143569480155854,0.32061900503984164
213,13.467459297736355,7.93819353084833,-6.239788705789801,-1.2964408965568905,0.2394959190493723,1.5527362931491593
214,14.416949102888383,9.792428677420054,-5.879379917657057,-0.12628817428070843,-1.4511660090490057,-0.059076069264817566
215,17.18505920472765,8.40912651005195,-4.877798637349352,1.3117493628592725,1.5872564364796444,0.04515203805689427
216,15.464560279671108,8.24096908948233,-9.960766715005787,-2.386471925654531,-1.0093295176654808,1.3178062076681356
217,13.53637447983776,7.170932175285944,-9.016905293982546,1.446322266176365,2.126288978000152,-0.294503446050121
218,15.514411882351835,7.1389234805260235,-8.456916196229669,0.8493597199591878,0.5242529658321103,1.6608674788877134
219,15.71855131461596,7.808780223980067,-7.592180655792635,-0.9425121375454231,1.5523414359568122,1.9698780387233028
220,13.649429080944804,8.319651280849095,-5.401747109749947,-0.4247877727910442,0.8013074606672554,1.5713213043439072
221,13.117955922824379,6.581545599242494,-8.23940710716779,-0.8340684765355644,-0.29640530757213945,-1.278662822479966
222,14.096233192569427,5.805123804299919,-6.674587221523824,-0.8468189064862839,0.7403123467225612,0.9144487544546741
223,16.047159859738166,3.3494590089850553,-7.195816179623309,-0.7168406681620134,-0.34100083688854,-0.13597777696443158
224,13.718792939665843,6.249649751965065,-9.096048695466996,0.9681987926678026,1.010171469862537,-0.8690939283147454
225,13.91933129125439,4.8601569492855,-8.596867963440355,-0.5924362952510203,0.6508164402796172,0.28153822232236314
226,16.065054263632135,3.323875813066587,-8.154549981254688,-0.4775038679272281,-0.19725319829882093,0.051634266289656616
227,12.410450233018688,3.337205475065826,-7.815622886625678,2.3966933907022163,1.3661147911474196,0.1553586706011746
228,10.825585309762186,2.7160530408445,-9.645926873144443,0.7821188202641783,-0.8325629817903019,0.8233966039171567
229,16.30387827205384,1.1393051309425912,-9.99978764327882,0.40776946784697354,0.5146607847955694,1.5888431229411126
230,12.213838475334441,2.859945166540129,-9.956544914331765,0.7435729894926175,-0.9413019854489745,1.4518990567435308
231,13.598018340674118,3.4590007193589716,-8.324120556514478,-0.7215126387695806,1.7035073282889157,2.8941888700351073
232,12.86079683416251,1.5851270304708533,-10.520516515106362,1.424173006174486,-0.5344431015576028,0.806731327857918
233,13.32246306830969,1.06921944142536,-12.890688442398218,1.055558190075637,1.4212595803726868,-1.3847064959431785
234,14.379880138438969,3.045878043347235,-12.041876396301783,0.19780199668595308,0.026108911532429613,-0.6371152014729573
235,12.675340088003704,0.08846849733884055,-9.961132015716196,1.3441525963195728,0.06998887837884837,1.2136400545378898
236,10.948512090784831,-0.9469873611122781,-11.198354375331451,-0.47396295014167655,0.6346448389038515,0.7545040766144846
237,11.727411289245389,1.0549204130582392,-11.536368883917142,0.7199723929879773,-0.10708925703488692,2.0534919364099222
238,12.505072982552152,-0.608618474562451,-12.697016931091602,1.4653146148349347,1.1700713146154413,-0.9079188673398718
239,11.529345520155859,-1.4743761735947016,-12.64716808537891,1.1791231273133198,-1.9087527392531871,0.7013455391440981
240,14.093269889620089,-1.925564031776668,-12.925529059976746,-1.7775153318263757,0.12192255694230991,1.0541545340265959
241,13.271898967083887,-1.0893903173403972,-9.700797278365155,0.8638122217031798,1.7212156504499556,0.9592878728787539
242,13.941599695157588,-2.6194691232272342,-10.327440715831749,0.8661384494164551,-0.336936197574145,0.33121584573399754
243,10.169849979616485,-0.35973209529797057,-13.54663924810829,0.9493901256814791,-1.6139926307776107,0.041248901002981175
244,9.497287266759233,-2.05713657375305,-11.833079392753604,-0.5348219628198053,0.29872680841930177,1.3093797626108983
245,10.211161779922266,-1.1165867875468456,-14.082870508085929,-0.9504645121946467,1.925343184537682,2.041342917923064
246,11.18862098075577,-0.9965664140494412,-10.490463410416336,-0.12471388584761345,-0.1723830010804263,0.07261967105969047
247,9.823644516698415,1.0289651383718081,-11.591049399290942,-0.8657019314866456,-0.8010868195470062,2.290325921123448
248,10.850716041212957,-0.05074770535619488,-12.10991123715382,0.6556065782000945,1.9078530234270898,-0.9456478198391067
249,9.830779207303335,1.3458913604773626,-12.415375831359745,-1.1761018113649369,1.467495335280442,0.42928636146567045
250,11.487732464554805,1.9359383289548178,-8.8437304662069,0.9034639442687032,-0.18796969413660752,0.9737396254078122
251,16.499331133515668,3.7692003639019815,-7.61659950143142,1.5197118719549751,-0.6784282740692764,-0.42212332167735644
252,15.224870956403004,5.886966241228434,-5.034793307946189,1.1827785602168666,-1.5517141451516443,1.9207470345753839
253,17.584315870523387,5.3256305273595395,-7.622942949578404,-3.02785087499894,0.01779162981485366,1.1583713415040426
254,20.25767053758181,4.076433522007081,-8.551098676208262,0.3461175277972553,1.6762991302020616,0.4552850493064238
255,16.73763891908728,5.297104238782566,-6.622841619196333,0.21669256864567393,1.6336691354531043,1.1613296146500887
256,21.497853625904206,4.756278149100121,-7.98136754739293,-1.7221607272007304,1.7076880138102528,0.8031978090934433
257,19.050549371996517,4.547170403233675,-7.6426496496296,-1.3072210155307615,0.5948051913963245,1.8560969523538784
258,18.523493153436767,3.955879492279073,-6.13088720911487,-0.6949793524440604,0.7698157191092583,0.7588336108587205
259,16.64715457917489,5.848698998080362,-8.444651179035297,-1.5180859414837207,1.455605161503316,1.036633401219029
260,15.887696976884948,3.605925870253172,-8.757860423507939,2.047468852073545,1.2960506926656195,2.2607371467920907
261,15.381118733897758,3.3076196297603517,-8.495418372936664,1.9071719176742514,0.0016500948690489348,1.348851934027383
262,9.234131647544498,1.950165759594995,-7.905645302855785,-0.49065645173426187,1.790865191370419,0.29701441862820077
263,12.33963474912434,4.380151570722101,-7.835952522411712,-0.557378164538293,1.0863292770091149,-1.2026982195172389
264,16.5233684391531,1.8817883119065935,-10.01317587705836,1.2687585394888623,1.2901686646990083,0.29158033159018326
265,16.131651802799713,1.9820310184942915,-9.27674594035978,0.10211276588660224,0.1059420340961193,1.4158749207392982
266,18.751057890103336,-2.4346248984629275,-11.279561960029756,-0.06884648472319135,2.008464450403213,1.0841098084079936
267,17.857749510954886,-3.128949028892861,-9.371116094335358,-0.006888673279847074,1.3009465925623165,1.6089147016288627
268,18.375375750592394,-3.3174217362541825,-9.629910092121287,0.6451994657738036,0.5537163996137543,0.8498903837362471
269,18.675058257958458,-2.0195661760749655,-10.44600157809913,1.8352442469425811,0.8251259492361358,-0.04052716629307074
270,21.05162021213032,-2.852639257323413,-9.459278756789853,0.8510812240341824,1.8057923004172514,1.3132064977134825
271,17.809690193058014,-4.681657218886555,-9.781142286399575,0.6808486285912193,-0.42493100029323577,0.5919583845249243
272,18.12921491664314,-3.009200351090946,-10.18546970108114,0.5373808736812961,-1.138489914630228,1.2474750229499034
273,15.283926373875007,-3.3837081543584056,-10.216385706414789,-0.34595517415529564,-0.30304916714949365,1.5304868685968187
274,16.62440574581722,-1.9839042208471125,-10.290743904435766,0.14068452932951414,0.9436824032920061,1.1329015189551264
275,16.136480051194386,0.2222889121115847,-9.516617745114765,-0.9151036555196872,-0.4754123479995325,-0.15719318038514252
276,16.257124078942677,2.381004356113495,-8.857106050524724,0.24088170575031656,0.6904123290524181,0.7443281515253422
277,21.017285464126886,7.320583432488852,-7.034552373259493,-1.4743772554145216,1.4273941072495817,1.0830186404911513
278,21.1637078273264,10.78765848151982,-4.74875792573466,-0.4465707933762363,1.0661054581840272,1.6373470522007194
279,25.320863122112538,13.743270651658213,-3.113766928077365,-1.1791550354228006,0.49947214661898465,-0.39784923369311753
280,24.933785568505613,15.559600014372297,-3.4779462061399844,-1.5524762074174054,-0.03019261561073161,0.35725208207944126
281,24.18651398302596,14.448221481225836,-5.356665142346016,1.0504294359551367,1.3708010488944304,0.525203185935924
282,26.710966948287233,13.394979751593805,-7.304495266284813,-1.5192575231370717,-0.11985906715657618,1.5849839547364015
283,25.23720354898791,11.41404541005549,-7.477553392303189,1.3104505848290307,2.9338723450947226,1.4984430078538242
284,26.721752874207017,11.2279324310618,-6.268647325343572,-0.6068821388641774,-0.03165468259390131,1.4573620093892807
285,27.373111848590938,9.869875160601417,-5.683048269065808,-1.8447519477305507,1.2651345325686547,-0.03700636770867105
286,23.855469588622157,8.519201480043542,-6.346501617819112,0.2830220957741494,1.8522066209005166,-0.715315857929725
287,24.18161412473528,6.094263000527916,-9.835145719190722,-0.3146531503300317,2.0675912208193954,-0.40082562351784223
288,24.229732469525906,6.55160231792136,-11.654803282402467,0.5281018426284027,-2.1282143574303376,0.08244748926868994
289,26.223441915842596,6.908158158736487,-11.998316880570082,-0.8375362127104409,-0.04021855106360023,0.6362515846545329
290,27.212154320978584,5.5920730054448455,-9.620119027588556,-0.006345598448125406,-0.12941324523880798,-1.3136473061044631
291,31.06164311883164,4.7091127901838625,-7.997330946120522,-1.4593718615618507,-0.1756827585746697,0.3783548222818096
292,31.235676875955516,8.902574796109995,-9.790449391936002,-0.4790201176859253,1.1518927660372782,0.6865045452020493
293,31.409809439966107,7.947388299706806,-8.616626641480217,1.5281379776815143,0.04421355065976407,-1.2424079959591503
294,32.56549013782727,9.761043192635317,-9.824092610811672,-1.593792606385935,0.014812194265136192,1.1465484983362917
295,32.70371322815069,9.683576696284696,-9.118402290577885,0.6727415853821611,3.682025653323426,1.295599575917835
296,34.356127137445256,9.012831831140126,-10.079573878993015,-0.6108522786657797,1.1535947960465684,1.8294757146725151
297,33.91638864664966,11.188925575511295,-6.920665935472992,1.310049988558683,1.3223826455242327,2.3072611255332256
298,30.365548877536774,7.9380921919515455,-9.165013898455816,-2.2545534731753816,0.8566224527047346,2.609961518026818
299,31.30434181138597,7.716618244198369,-8.7988187896354,-0.1957906774805617,0.6723823135766054,1.981672419712385
300,32.41333111472342,11.993653141516994,-9.526124481579556,1.2501136352006998,2.499895417845055,0.8005088971854634
301,35.6382026005231,11.09900390103388,-7.560104078254588,-0.459284503167685,-0.8910212039706888,-0.46201014267206153
302,31.417832212938535,14.104657146770426,-10.300535749605114,1.3892089696294407,-1.2903831093033498,2.2567584359195676
303,34.05865424500791,19.416766958806953,-10.136896882114762,-0.6911364668991525,1.9182906249228804,0.12337106351506755
304,37.812604971305014,18.802799958724844,-8.692306055207835,0.46905508819135927,-0.8386123036711415,2.0403690396848058
305,40.26750292753625,22.714837799679223,-9.514231965773742,2.117957326651661,-0.29411434671733516,0.49227549251652963
306,43.07410180142776,27.725051892122607,-6.003855735090989,0.8983987168468747,0.32406119925328614,-0.6305179494054822
307,45.02082984253299,29.368351954272633,-5.107975145061796,-0.2549707389445347,0.3484163993979983,1.3651935601286709
308,44.370806594358406,31.25049358425694,-6.780605056660734,-0.387327461039236,0.4894495024466328,-1.604120809644192
309,45.58378726347201,31.511755140393404,-7.181072002584784,-2.175484425864796,1.3207040803645345,0.921987163417935
310,46.27989419694708,31.92798029196877,-7.096155420237647,0.5085227275109414,0.9243720810979759,1.066267489269832
311,46.430991519334256,30.97852377690743,-8.787399057014685,-1.4212371341550614,-0.32038870299444855,2.64825967051169
312,47.80226889772384,31.664762128040504,-10.132151514068164,0.8806256219294327,0.8233197420364959,0.7922272080882476
313,43.72214060171926,28.049732010457507,-11.99356612752714,-1.3337041595959815,-0.1140436856422341,3.096962016377714
314,41.41789527025697,27.968491968558777,-13.028276990355074,-1.4670079864546606,1.3944123100441361,2.1306996904237163
315,36.84697810489524,27.413582551705996,-17.23708147931761,1.78786900478566,2.151079837294695,-0.7477636861553822
316,29.21117666456575,27.21269935374533,-19.133595334988858,1.634087302864938,2.4746861696987077,2.661771381299144
317,41.15896975467019,29.473320128671457,-19.437833117238394,0.8356790451083981,1.3052054908500728,1.2680912738251258
318,49.33067502404952,29.810038850452283,-18.854461281305465,-0.8682558661599535,0.5348522273008554,1.4728176601701013
319,51.9679850742737,25.68615105982584,-22.3345985754925,0.057854997954195325,0.46085846848564654,0.20294739050533672
320,44.68689442135638,25.851301130446505,-26.82419937764793,0.8534907910787222,0.8734455764698189,0.4656393994539472
321,48.29514382886074,24.43500831137525,-24.587954751295644,1.6369931710305263,0.2792731948714535,1.4595652390660914
322,51.80548487663452,27.206936941438418,-24.39533258267518,0.874624580913546,0.37848631122237925,0.17449857025687
323,52.624351998099435,29.795597795433746,-25.577029754609562,-0.7098315281479131,0.16731195377849,2.5826406558289725
324,55.5262182267642,28.325151258210575,-25.05711133361008,-1.9010445864381813,0.9804415089923473,-0.6990045366230057
325,54.45368628684953,27.732640596347338,-23.207374482122848,1.915283217618175,0.7470255871452098,0.5506157155775502
326,50.96129845158599,28.768823927900943,-24.435426868918956,-0.38904483665060535,-0.6310962866599696,1.1264490287267654
327,51.342066104831154,28.370207791424118,-24.350170210343514,0.024590869975504775,0.24495086223244444,1.278814578965933
328,42.497758734283245,25.6663926723589,-25.150795806418515,0.5919470780193431,0.9216938755782247,-0.8672357555062269
329,35.41692195195984,25.897884262434655,-26.60390076280322,1.989395193958395,0.9667692363378886,1.0891423320951605
330,38.390490104187386,27.727942398183156,-22.53589053760818,0.9677355447958671,1.4467889484957452,1.0494655155733772
331,43.68866610615182,34.02710306259898,-19.576029281902983,0.0762941191933364,-1.180094532418774,2.382408639170473
332,40.28333412652247,35.18006478740365,-16.57424064034132,-0.8773072495610771,2.328946842663379,0.5355044359172358
333,23.262746162500807,34.96123353742725,-17.40938023927431,1.4126847520918413,1.4684767888012735,-0.8315653528051314
334,18.981901877437902,37.33305835620762,-12.964770478972813,1.3315961254587558,0.11152250666843033,1.72192476231506
335,12.218952509298571,35.21865867694561,-13.019511820302489,0.3120036456705142,1.6120452961326461,1.829310320409526
336,16.778466644946555,33.548155719741246,-12.721226362980499,0.030261788822660715,2.7215234246088476,-0.7326229153314966
337,27.701419998325385,36.953291669457606,-8.281287920422965,0.13726480256266935,-0.16547044486075624,-0.6325138522851638
338,28.58957747363522,36.441828465241905,-4.190382245687191,0.6320822163247979,0.6531194940112414,1.4771080802238934
339,20.672533462975636,32.70093950162669,-7.293170669075794,-1.8440032439321692,1.6130321177743707,0.10968858167277062
340,12.237194193081187,31.991147990482734,-8.818267775036237,-1.30389420392891,0.6492084900002693,0.26566689141315636
341,22.13239810769744,29.948774788778383,-6.145401379220733,-0.6729229876844987,1.1539858355653272,2.3121632925191906
342,12.730215230872268,29.77436553372727,-6.45353705413741,0.2321589814178429,0.12508929878263952,0.7374032320636792
343,15.193811744343982,25.861941091957583,-9.39343770034382,0.31649511217303916,0.6315100322292886,1.18557271433225
344,12.106060205436977,27.50665236309453,-8.0847825704145,-0.8129527403334158,0.6381713259552957,-1.2930832878528453
345,18.29233441641863,25.503066262378375,-8.579283511098117,0.8593210293817389,-0.11913792160130587,0.15278601541650627
346,15.443744837748037,23.363497872848075,-10.575758229797497,0.24568881194878545,1.4550825229097928,1.9224025454155727
347,17.25426495706052,22.932049932963796,-10.111097342803754,0.32024976002888217,0.35668968518405514,0.7991647514942964
348,-2.8009831067462247,20.687907856844095,-18.517630630168785,-0.2224297334634091,1.019091353182442,-0.23486082299400002
349,-61.40992829468903,13.994972775548705,-23.67555794006319,0.2420031755235586,1.7616436676805005,0.8042747120953869
350,-20.254797251581458,11.318133637983966,-22.989916238783223,-0.143417111919317,-0.026857161619585623,1.3890835300520628
351,-3.210442646852235,19.237055876227025,-16.301553915543213,1.01624438116833,1.844082018418258,-1.6247715697291705
352,13.632145159386761,19.02545257083816,-7.483142760962543,1.8481624933164098,-0.020509241805076406,1.048895722539606
353,13.13966195079303,15.370368699699426,-8.95179282419199,-0.09120181447514285,0.4717116626351326,0.17792536773681444
354,14.130819672335527,18.587755440853172,-8.197101868317464,-0.09237905000977642,-0.6857968839068413,1.317013157075419
355,19.61168273022912,20.999721533284088,-7.964006701727279,0.30759845594010593,0.9826527644809736,0.6662966024356961
356,32.65790605705107,24.995611409021155,-2.6285341598468346,0.886018126852628,1.6987609345223307,-0.6777096703352258
357,32.3280255572272,27.291339446539386,1.2517818259122513,1.5119388391431088,2.0219754920933894,0.9233063769108608
358,24.73795847442558,25.23429105698282,-5.255595779687604,0.531297313791117,0.631207853785989,0.41498912947419764
359,9.575089209876161,19.33746523952227,-10.815418678179945,-0.14446585457670266,-0.6488705220852209,-0.597070412863754
360,0.4369653423492069,17.9081213298076,-13.23464549060144,1.403097162757139,1.6959734687121655,0.6182080979506862
361,31.698217139553194,14.733729263468478,-2.7319781172691693,-0.9631245179512298,-0.7939673139573533,1.652472911497391
362,48.466985222442986,17.685424234668954,7.02797271191068,1.2559605852612752,1.910768697887271,0.32179877480266295
363,50.37204030755342,24.55247238754913,9.324178942294754,-0.7590099592877201,0.9301045889178834,1.7103855162894712
364,52.487943151675964,26.46877841642185,9.63062508008041,-0.7671632557819116,1.1743908818609707,-0.7662182758223771
365,51.97795992206961,32.70770133749937,9.37774306332805,0.11349784996668714,0.7930350643103108,0.492309067786389
366,57.04189070394028,37.4943324580042,7.579455425417211,-1.3454328028621767,1.029745896909911,0.3530549560892477
367,60.927824500158074,36.56344019416465,8.021737774115874,-0.44598072516768983,1.8203429691588389,1.5278652521579166
368,49.378675811861584,24.017466843091835,-1.9744847479457506,0.3623048842448596,0.14198929517954362,0.1990940484191836
369,33.49808219734405,16.685420487117227,0.08790414226508614,-1.0299283649544566,0.4008979963255038,0.3706677830539197
370,25.481344222665268,2.6255643354067004,-9.239987480929065,0.9880795278946991,1.0401510869668107,-1.1930125100462723
371,17.282509452803357,-0.6470041571400389,-11.985739841878782,-1.2949544875528525,0.12122496014090545,-0.4084048058796865
372,5.920354699898682,-5.1349649710239085,-10.579482009011752,-0.10861718243544717,2.777907473197056,0.08317266029697751
373,3.861491517783503,-1.8524309474872052,-4.825004629838038,0.1648477482329041,2.0325123393337803,1.624608628939117
374,-4.685340323725979,-10.880316268897012,-18.121978979525924,0.2283356961296715,0.6286008081889728,-0.020215603424353024
375,-0.0005737838028263553,-5.397629648943898,-10.298425119650622,-0.33124985395742956,1.3378847139626584,-0.46653949325051647
376,10.167832741506645,5.626319373977663,-4.448373516418659,0.31631759798136294,-0.8277772610041215,1.975399151460876
377,19.047180530491623,13.1265195307033,4.35332145047216,-1.2883438698312533,1.039853936201241,1.0946623986486559
378,18.772115995604572,14.585246543000403,3.2230723083881023,-0.9760584795049183,-0.8658695856486477,0.9041430361063982
379,16.45982127944328,14.703809973999597,0.8114401024652884,2.1748686587227786,2.799219544666748,0.3891531127739882
380,17.273246343661526,12.64967582876867,-2.3617263113967786,1.37150106771288,1.0707459728567135,1.240339704004538
381,17.941194125194198,11.150587039394406,-1.692389890534598,0.4202142985242816,-0.35160199415964144,1.7484230724456262
382,16.067921155667054,11.186689481621633,-4.265396799751831,0.8855032362013251,0.6412306808216164,1.4037863488765858
383,13.449391169924867,9.335266785154248,-6.645117242363201,-1.5908226548230673,-0.2563781283693273,-1.244690660196317
384,14.76178342012148,7.5167689815638346,-7.37028407121592,0.9197643192280075,0.26734378871701936,2.1873199474065914
385,13.729680549428316,3.1804036836814604,-7.774717896481162,-0.2573800720584779,1.578167986804229,0.22621412721179301
386,10.112798505237466,1.071482612693535,-8.453839594387372,0.37581120063103235,-0.08015489822944166,0.10019564307998374
387,7.374964891519208,-2.250352675283902,-13.620251754172651,0.6585569461921571,-0.7992650238379636,2.634868757658676
388,4.260229448228333,-3.323956000077452,-12.844672522455324,1.282413264384308,0.32251828431110974,1.2767300039630225
389,0.9856205039911115,-3.5709083323734836,-11.709946498556285,1.7347902251462182,1.1987675151961241,-1.151655311391044
390,1.0995185129805765,-3.0440751412009988,-12.638796667274967,0.8899865575492044,0.7565884674767478,0.4028968829059604
391,1.296122337174078,-0.7070473510057765,-9.194362385971871,-0.5433385295955033,-0.03560966202092064,3.333127892882572
392,1.5031158393271915,-1.7217779007999652,-7.3444286215954255,0.33474459069616425,-0.505972965102898,0.9874954897986511
393,-0.6493630016436565,-0.994638965424528,-7.471188881389493,0.12742572901529808,2.2739538563753805,0.459326636703157
394,0.20077196603764585,1.1047508975673055,-6.075200656182331,-0.04794510421406734,1.418823046602704,-1.698361388561267
395,-1.8512189060399975,2.138585275211338,-7.662213097861769,-0.8988108325191111,-0.3157443149850633,1.504731883020439
396,-0.7003476653652051,-0.05636225880972409,-8.832720567239836,0.3271657120076181,1.4774451226444851,0.6645709170832306
397,-2.665974745662503,-0.16866470928758448,-5.814030301622594,0.2739371445993496,1.1594259141153518,-0.46259424851352116
398,-3.0736873118522663,-2.028730581355201,-6.782016503085946,1.0516631449391731,0.4466288101354075,2.0276820860232188
399,-3.4759666660529875,-3.2524562146920157,-7.368967240286503,-0.8988322543371738,0.49740948299787896,1.7087170356389514
400,-5.117965345411919,-3.917426992974892,-7.498775969785923,-0.7394826297978058,1.6286722159503275,1.2355447008560778
401,-4.8637714431119115,-4.720302332909748,-5.3289172360706285,-1.3742488909559896,1.1604296527809008,0.8107466854210428
402,-8.65352652218288,-5.582728596079031,-6.586030602182553,-1.570117691444735,3.149207974813845,0.9067375797903585
403,-6.835899065422169,-5.018308559779907,-7.075135738762077,-1.369626188561544,0.15142424564397305,0.28241886973120284
404,-8.536195610697854,-3.799428383574899,-4.238030629111931,1.1045004975971504,0.2172702483480019,0.33571985466717474
405,-9.247133712888667,-2.063189375268493,-4.612147480704779,-0.11312060204892475,1.6599055242812204,0.5176114214366517
406,-10.478835292604034,-2.1399262736122333,-2.628546418168248,-0.09182224324515961,0.6771349850441059,0.11106490372587641
407,-10.236579379670864,-1.9274689346122087,-3.3928440989848436,-0.1254355756036144,1.4163287228114758,1.248678043065386
408,-9.572812700273118,-0.22696273292117475,-0.9728237975028089,0.01699396716012261,0.9046567694568838,-0.0806428877441272
409,-11.524036223339312,-1.3732525217259015,-1.4262144382173036,-1.3018906426865613,-0.09698893500208217,0.24109418290904133
410,-11.10705798400352,0.5218516077557435,1.2295174841183076,0.32667690593881304,0.3514558746650311,0.13916782688151075
411,-10.935051029804944,-2.776303555669636,-0.34798864000824914,-1.6397937234234952,1.7674344395534014,1.4339694122956916
412,-11.208194321159057,-4.534436638666497,-1.0020697315336065,1.4542854506108773,0.16218067150719784,0.9496360105305698
413,-12.301937272366613,-1.8764991961181001,-0.917859074711483,-0.19736757024129242,1.4638085042999034,1.2059968690754217
414,-11.906766796959273,-2.1803223277009858,-0.7165505551434593,0.8251813557534308,-0.03486126346024787,-0.06465841709160347
415,-12.397952345571204,-3.5921281622291854,-0.6830000993516847,-0.41087578306455796,-0.22195684333817067,0.03598195125152026
416,-13.375159942401087,-4.241005667246233,-0.4861030208848028,0.7358380946212929,1.0446206179112458,-0.6653334564306653
417,-13.280821148858443,-2.6746580075171584,-2.067672503491787,-1.7198801069241374,0.24606731114835012,-0.3596021445454163
418,-13.0302619447932,-3.2235717628368867,-0.6306418383475947,0.3863517625358651,2.542019018947866,-1.1903034695248502
419,-12.824010093049596,-3.3501264567859015,-1.343070031590532,0.06366253162186761,0.5873845180082322,1.0221342000174642
420,-13.341577670694381,-3.732071152551988,-0.41001066434782335,-1.4164984476625637,-0.031040993187064658,-0.06822302677920666
421,-14.009326819376845,-4.165641285771619,1.83650111635327,-0.4897809081942559,1.3552841063313013,2.2422134443532187
422,-13.791337512300673,-4.794609274227542,-0.722280971445039,0.853768874144264,0.6398145257506628,0.4486724576233349
423,-14.14871870326313,-4.829587051608945,-1.2016326073561654,1.0547069813009151,0.3094921607579065,-0.30414064459722145
424,-14.902718079037845,-7.0493746639118475,-0.15379735764014157,-0.25934202532344913,1.413011572775264,1.2404635390536478
425,-12.288697660678858,-9.27882324153423,-2.4691121272695638,0.5738816318918545,0.9201148286959071,-0.6939742013088313
426,-12.011697928775911,-7.231492322489542,-1.2286457610804704,-0.6797749510555606,-0.4051603684886387,-0.1593801431516313
427,-13.404440133203044,-6.187473506583555,-2.330651407310512,0.980273688763158,0.9528267593336672,-0.4604065868349958
428,-10.760043346258978,-7.317006796920706,-1.669057140630703,-0.16749900248222663,1.5817532038003663,1.9997166507721384
429,-9.973435621365626,-6.026743317850286,-0.9530081959277359,-0.03300404803421895,-0.6323632116012399,-0.25949062150759894
430,-11.081037513754874,-4.3037744406478575,-0.9682701571229013,-2.100517468427626,0.8819730019673822,1.5385509809379037
431,-8.23857912766194,-3.44153037863747,0.3442539617183658,-1.2191871725165526,0.4595365488326175,0.5571474087752534
432,-9.126484828975787,-2.1172215136647736,-0.09392855922427334,0.01997014367810472,1.9791858360669785,0.29526770264427993
433,-9.272025651091873,-1.5754517213524324,0.6826530110750442,-0.2822281233280861,0.6244504243970488,0.6620588718629087
434,-4.646495622059424,-2.6061355352341917,-0.06721309088237959,-2.5143126501337734,2.566740131492566,2.0962269633333257
435,-4.609133351596572,-2.794123562512545,1.5396692081396925,-1.0687045201280958,1.5261909979799253,1.2585550160044465
436,-5.19338246747796,-0.40595891806186557,2.514281371438859,0.26729286725935897,0.49483721754322546,0.3976126865180705
437,-4.720170913243983,0.8893233137020228,3.0454192200019343,-1.4707564979674286,3.2005212980218056,-0.8614542967360357
438,-3.1790357396460514,0.7161757000140014,1.997107792072482,2.1132740188394337,0.14561060487184174,-0.7173382426570398
439,-1.6434537949853283,-0.08623442949306837,-0.2856884272030926,0.42875140082869334,-0.3580958408651702,-0.7566363450154336
440,-1.5243129567635807,1.5549706815955138,2.451709348478278,-0.19001726688166296,1.1971631777950977,2.4165613109829494
441,-1.9428685883655339,1.507717783620516,1.6608252797077578,-0.39728528003576874,-0.5290087587907302,0.6848797207033055
442,-1.4064568193182547,0.400103486962242,2.4740024689579805,-0.7874734385463609,2.3048733139708104,0.3861561468113316
443,-2.0671177243894516,-0.9799664527280826,0.9868164234524452,-0.02408866242287387,2.4489738681552886,-0.7463305998106895
444,-2.1920274831252526,-0.584972289408082,0.503553255361674,-1.4650231348023999,0.20405162237066427,1.681370098486422
445,-4.029103402931907,-1.093868998876525,1.840706118710867,-0.8554320713669679,1.3150681458201323,2.238539552397798
446,-4.477789935285658,-0.7949574191552434,1.4583837470767493,0.421296930637295,1.5704469293736776,0.9954347507308179
447,-4.887966005025892,-0.8616815241806779,1.070620194229183,-1.0766315930385686,0.9729352064739101,1.3377055310752943
448,-4.563385733301422,-1.1409676250000684,1.3253339067130456,-1.0073053894901645,-0.8756813940772719,-0.28489453338149673
449,-1.855507045629914,1.2657594932665146,2.122763301068554,1.167316821490613,0.8848572808306279,1.399220018233104
450,-0.05986438538642469,2.544170220842439,1.8272951167873484,-0.02338569904523699,1.99103869537452,1.1075241290260585
451,-1.4780402202775242,-2.9985533419523214,-1.2765116280527495,0.2483028748449952,1.5252356370845384,1.225721143319124
452,-2.96720022851701,-1.8655420787403505,1.4076625501413704,0.6255797848768723,1.8804508551814691,1.584044129685811
453,-5.298519747423985,-0.9960192059908246,-0.9758636915190275,-2.478916798912614,-0.6963570841581574,-0.8000023434539452
454,-2.602306464564255,0.12859646799284719,2.7007668252884365,-1.221105768770504,0.8578361349607494,1.289469114313888
455,-2.996629774103954,-0.6222263033523605,0.624223184919393,1.1259011516247919,1.4315616533946498,1.7401720196540647
456,-3.347940985715457,-1.441881727861637,-0.657752297879372,-0.18333091864478707,-0.399590369931051,0.8398641343294949
457,-2.4842886279367002,-1.1909883704949007,1.399731582920931,0.5569481796792182,1.5688721916291049,0.9504983542354605
458,-0.46958309986591096,-2.0793371691604685,2.5997826027345248,-0.3798848868576952,-0.005575058500763119,0.49636864534691
459,-2.2630025425301428,-1.7685750659939048,2.2007851162933134,-0.616167094144487,1.4717460720438384,-0.7531639561146941
460,-3.796376406409328,-0.9447070507266638,4.059251202864053,0.0669672005092635,2.1263965454918035,-0.25971609407488205
461,-2.3639614243300233,-2.738756401897737,3.5086998862547905,1.5401972701774356,0.2808250327008055,0.5974827908374939
462,-2.5272611903986384,-1.85860579008559,2.6866450561980346,-0.673814817340793,0.06650956296615829,0.5089630798425454
463,-5.9358303347664805,-2.7599083796649797,2.5090391625056707,-0.0566524696131046,-0.24412771902304942,1.5841532235974105
464,-4.808004639201017,-3.5781011862996834,2.1966156827369523,-0.26201439634270995,0.16933832209989352,0.9901902706342115
465,-2.2606118066815135,-4.484007233218566,1.6315309689303965,-0.16644526628530387,0.5735586032350478,-0.9604218668521907
466,-3.979537920226191,-3.7855056542224275,2.3920022891462973,-1.0769031985389388,0.29622542341212965,1.1907581832530705
467,-1.9128340153797236,-2.5336061349469507,2.407437524457767,-0.809777103984435,1.1407760272912177,0.7236521292561681
468,-6.1245347615292545,-2.437319287349484,1.931699060007971,2.8585306147384344,2.106781563625758,1.967896395267879
469,-4.363612778530245,-1.7867396210671718,-0.38027557613585783,-0.7452500187545752,1.0650328853764441,0.519485141717819
470,-4.103893375185245,-2.8310885197404323,0.387352465166376,0.42363436180314845,1.0270113637418188,-0.7521941215361834
